Time,Tm,Rh,Na,Np,Li,H2s,Nh3,No2,Pm2,Pm10,Voc
2024-06-16 18:31:39,31,68,47,52,702,0,37,1,3,3,168
2024-06-16 18:36:39,31,68,51,276,632,0,34,1,3,3,108
2024-06-16 18:41:39,30,70,48,128,353,0,37,1,4,4,228
2024-06-16 18:46:38,30,71,48,116,238,0,37,1,2,3,214
2024-06-16 18:51:39,30,71,47,48,117,0,33,0,3,3,162
2024-06-16 18:56:38,30,71,47,48,80,0,30,0,3,3,87
2024-06-16 19:01:38,30,73,48,211,38,0,32,0,3,3,118
2024-06-16 19:06:38,29,74,47,67,35,0,35,1,3,3,147
2024-06-16 19:11:38,29,75,47,134,27,0,35,1,5,5,361
2024-06-16 19:16:37,29,75,47,52,12,0,34,1,4,4,149
2024-06-16 19:21:37,29,76,47,52,4,0,37,1,4,4,247
2024-06-16 19:26:37,29,75,47,49,21,0,34,1,4,4,141
2024-06-16 19:31:37,29,76,47,48,11,0,35,1,5,5,159
2024-06-16 19:36:37,29,77,47,48,13,0,34,1,4,4,145
2024-06-16 19:41:36,29,77,47,48,20,0,37,1,5,5,149
2024-06-16 19:46:36,28,77,47,50,20,0,34,1,4,4,130
2024-06-16 19:46:41,28,77,47,50,20,0,34,1,4,4,130
2024-06-16 19:51:36,28,77,47,56,21,0,35,1,4,4,128
2024-06-16 19:56:35,28,77,47,48,4,0,32,1,5,5,108
2024-06-16 20:01:35,28,77,47,49,21,0,32,1,4,4,91
2024-06-16 20:06:35,28,77,47,117,3,0,33,1,4,4,93
2024-06-16 20:11:35,28,78,47,50,12,0,32,1,4,5,104
2024-06-16 20:16:34,28,78,48,67,22,0,32,1,5,5,113
2024-06-16 20:21:34,28,79,48,61,11,0,34,1,5,5,115
2024-06-16 20:26:34,28,79,49,55,21,0,36,1,5,5,136
2024-06-16 20:31:34,28,79,50,60,4,0,34,1,5,5,103
2024-06-16 20:36:34,28,79,50,57,22,0,36,1,5,5,144
2024-06-16 20:41:33,28,79,50,55,11,0,35,1,5,5,147
2024-06-16 20:46:33,28,80,50,57,3,0,35,1,5,5,136
2024-06-16 20:51:33,28,80,51,69,3,0,36,1,5,5,128
2024-06-16 20:56:33,28,79,51,60,21,0,35,1,5,5,112
2024-06-16 21:01:33,28,79,51,76,4,0,33,0,4,4,80
2024-06-16 21:06:33,28,80,51,65,21,0,36,1,4,4,145
2024-06-16 21:11:33,28,78,51,56,20,0,35,0,5,5,66
2024-06-16 21:16:32,28,80,51,59,22,0,35,1,4,4,164
2024-06-16 21:21:32,27,79,50,58,4,0,36,1,5,5,77
2024-06-16 21:26:33,27,79,49,55,22,0,36,1,4,4,84
2024-06-16 21:31:32,27,79,49,55,10,0,35,1,5,5,103
2024-06-16 21:36:32,27,79,48,53,18,0,35,1,5,5,86
2024-06-16 21:41:32,27,80,48,52,17,0,36,1,4,4,141
2024-06-16 21:46:32,27,79,47,52,6,0,34,1,4,4,78
2024-06-16 21:51:31,27,79,47,51,20,0,34,0,4,4,108
2024-06-16 21:56:31,27,79,47,50,11,0,35,1,4,4,116
2024-06-16 22:01:31,27,80,47,51,22,0,36,1,5,5,116
2024-06-16 22:06:31,27,81,47,49,23,0,37,1,4,4,122
2024-06-16 22:11:31,27,80,47,48,16,0,36,1,5,5,97
2024-06-16 22:16:31,27,80,47,55,4,0,37,1,4,4,132
2024-06-16 22:21:30,27,80,47,49,15,0,35,1,5,5,83
2024-06-16 22:26:30,27,80,47,48,21,0,34,1,5,5,88
2024-06-16 22:31:30,27,79,47,48,22,0,31,0,4,4,71
2024-06-16 22:36:30,27,80,47,48,9,0,31,0,5,5,71
2024-06-16 22:41:30,27,80,47,48,21,0,32,1,4,4,76
2024-06-16 22:46:30,27,81,47,48,21,0,34,1,5,5,95
2024-06-16 22:51:29,27,81,47,48,12,0,34,1,5,5,90
2024-06-16 22:56:29,27,81,47,55,21,0,36,1,5,5,150
2024-06-16 23:01:29,27,80,47,60,22,0,32,0,5,5,72
2024-06-16 23:06:29,27,81,47,48,4,0,32,0,6,6,95
2024-06-16 23:11:29,27,81,47,48,21,0,33,0,6,6,118
2024-06-16 23:16:29,27,81,47,48,11,0,36,1,5,5,122
2024-06-16 23:21:29,27,81,47,59,18,0,35,1,6,6,94
2024-06-16 23:26:28,27,81,47,48,14,0,35,1,6,6,152
2024-06-16 23:31:28,27,81,47,48,22,0,33,1,6,6,96
2024-06-16 23:36:28,27,81,47,48,4,0,35,1,5,5,128
2024-06-16 23:41:28,27,81,47,49,21,0,35,1,6,6,119
2024-06-16 23:46:28,27,80,47,48,21,0,36,1,5,5,93
2024-06-16 23:51:28,27,80,47,48,16,0,35,1,6,6,79
2024-06-16 23:56:28,27,80,47,48,12,0,33,1,6,6,112
2024-06-17 0:01:28,27,80,47,48,22,0,32,1,5,5,97
2024-06-17 0:06:27,27,80,47,48,22,0,34,1,5,5,119
2024-06-17 0:11:27,27,80,47,48,20,0,34,1,5,5,86
2024-06-17 0:16:27,26,80,47,49,21,0,35,1,5,5,83
2024-06-17 0:21:27,26,80,47,58,21,0,34,1,6,6,85
2024-06-17 0:26:27,26,80,47,48,20,0,35,1,6,6,78
2024-06-17 0:31:27,26,80,47,48,12,0,35,1,5,5,83
2024-06-17 0:36:27,26,80,47,48,21,0,36,1,5,5,93
2024-06-17 0:41:26,26,80,47,48,4,0,35,1,5,5,99
2024-06-17 0:46:26,26,80,47,52,5,0,34,1,5,5,76
2024-06-17 0:51:26,26,80,47,48,20,0,35,1,5,5,118
2024-06-17 0:56:26,26,80,47,48,4,0,34,1,5,5,89
2024-06-17 1:01:26,26,80,47,48,18,0,38,1,5,5,81
2024-06-17 1:06:26,26,80,47,48,19,0,35,1,4,4,60
2024-06-17 1:11:26,26,80,47,48,19,0,35,1,5,5,58
2024-06-17 1:16:25,26,80,47,48,12,0,35,1,5,5,90
2024-06-17 1:21:25,26,80,47,53,17,0,36,1,5,5,95
2024-06-17 1:26:25,26,80,47,48,3,0,38,1,4,4,129
2024-06-17 1:31:25,26,80,47,48,21,0,37,1,4,4,72
2024-06-17 1:36:25,26,79,47,48,9,0,36,1,5,5,66
2024-06-17 1:41:25,26,79,47,48,21,0,35,1,4,4,62
2024-06-17 1:46:25,26,79,47,48,21,0,34,1,4,4,119
2024-06-17 1:51:25,26,79,47,48,21,0,35,1,4,4,50
2024-06-17 1:56:24,26,80,47,105,4,0,36,1,4,5,100
2024-06-17 2:01:24,26,79,47,48,21,0,36,1,4,5,65
2024-06-17 2:06:24,26,79,47,48,4,0,32,1,5,5,59
2024-06-17 2:11:24,26,79,47,49,22,0,34,1,4,5,91
2024-06-17 2:16:24,26,79,47,48,4,0,33,1,5,5,52
2024-06-17 2:21:24,25,79,47,48,21,0,33,1,5,5,40
2024-06-17 2:26:24,25,79,47,48,4,0,36,1,4,4,66
2024-06-17 2:31:24,25,79,47,48,14,0,34,1,4,4,87
2024-06-17 2:36:24,25,79,47,48,21,0,32,1,4,4,52
2024-06-17 2:41:24,25,79,47,65,10,0,35,1,4,5,86
2024-06-17 2:46:24,25,80,47,48,6,0,36,1,4,5,101
2024-06-17 2:51:24,25,80,47,63,14,0,35,1,6,6,54
2024-06-17 2:56:23,25,79,47,49,20,0,34,1,4,5,51
2024-06-17 3:01:23,25,79,47,48,4,0,35,1,5,5,70
2024-06-17 3:06:23,25,79,47,48,4,0,33,1,4,4,33
2024-06-17 3:11:23,25,79,47,48,15,0,35,1,4,4,46
2024-06-17 3:16:23,25,79,47,48,20,0,35,1,4,4,40
2024-06-18 10:57:43,29,75,48,52,702,0,24,0,13,13,38
2024-06-18 11:02:43,29,75,47,48,702,0,28,0,15,15,67
2024-06-18 11:07:43,29,75,47,66,703,0,28,0,15,15,72
2024-06-18 11:12:43,29,72,47,48,703,0,24,0,16,16,39
2024-06-18 11:17:42,30,74,48,175,703,0,28,0,18,18,113
2024-06-18 11:22:44,30,74,57,267,703,0,29,0,16,16,62
2024-06-18 11:27:42,30,74,51,243,702,0,27,0,17,17,66
2024-06-18 11:32:41,30,73,47,49,702,0,26,0,17,17,69
2024-06-18 11:37:41,30,76,47,49,703,0,28,0,17,17,138
2024-06-18 11:42:41,30,74,47,48,702,0,27,0,17,17,111
2024-06-18 11:47:41,30,74,47,56,706,0,28,0,18,18,104
2024-06-18 11:52:41,30,73,47,103,702,0,26,0,21,21,99
2024-06-18 11:57:40,30,73,48,162,702,0,26,0,21,21,116
2024-06-18 12:02:40,30,71,49,137,702,0,27,0,20,20,90
2024-06-18 12:07:40,30,73,47,59,703,0,26,0,20,20,112
2024-06-18 12:12:40,30,73,47,48,701,0,26,0,19,19,123
2024-06-18 12:17:41,30,71,47,53,703,0,23,0,20,20,83
2024-06-18 12:22:39,30,72,47,66,702,0,26,0,20,20,143
2024-06-18 12:27:40,30,74,47,60,701,0,27,0,21,21,106
2024-06-18 12:32:39,30,71,47,53,703,0,25,0,19,19,108
2024-06-18 12:37:39,30,71,47,48,703,0,24,0,20,20,105
2024-06-18 12:42:39,30,72,47,49,704,0,24,0,18,18,96
2024-06-18 12:47:38,30,71,47,48,706,0,28,0,18,18,122
2024-06-18 12:52:38,30,72,47,48,702,0,28,0,19,19,188
2024-06-18 12:57:38,31,70,47,48,703,0,27,0,18,18,139
2024-06-18 13:02:38,31,68,47,49,700,0,25,0,17,17,111
2024-06-18 13:07:37,31,72,47,48,704,0,29,0,24,24,230
2024-06-18 13:12:37,31,71,48,153,701,0,29,0,16,16,153
2024-06-18 13:17:38,31,68,47,49,703,0,27,0,16,16,84
2024-06-18 13:22:37,31,69,47,48,702,0,27,0,16,16,138
2024-06-18 13:27:36,31,69,47,48,709,0,30,0,17,17,152
2024-06-18 13:32:36,31,70,47,48,702,0,31,0,17,17,185
2024-06-18 13:37:36,31,70,47,48,702,0,30,0,16,16,151
2024-06-18 13:42:36,31,69,47,55,702,0,31,0,16,16,137
2024-06-18 13:47:35,31,70,47,62,703,0,30,0,16,16,131
2024-06-18 13:52:35,31,69,47,48,703,0,30,0,15,15,111
2024-06-18 13:57:35,31,70,47,48,702,0,31,0,15,15,134
2024-06-18 14:02:35,31,70,47,52,703,0,28,0,14,14,106
2024-06-18 14:07:35,31,70,47,52,703,0,29,0,15,15,145
2024-06-18 14:12:35,31,71,47,53,703,0,33,0,19,19,202
2024-06-18 14:17:35,31,71,47,51,702,0,32,0,18,18,187
2024-06-18 14:22:35,31,70,47,49,702,0,32,0,15,15,128
2024-06-18 14:27:36,31,70,47,48,703,0,33,0,16,16,198
2024-06-18 14:32:34,31,72,47,54,702,0,31,0,16,16,161
2024-06-18 14:37:33,31,68,47,48,702,0,28,0,14,14,106
2024-06-18 14:42:32,31,70,47,73,702,0,31,0,15,15,160
2024-06-18 14:47:32,31,68,47,52,702,0,28,0,15,15,110
2024-06-18 14:52:32,32,68,47,48,702,0,30,0,17,17,157
2024-06-18 14:57:32,32,70,47,48,702,0,31,0,16,16,178
2024-06-18 15:02:32,32,67,47,48,702,0,28,0,15,15,118
2024-06-18 15:07:31,32,67,47,51,703,0,32,0,16,16,161
2024-06-18 15:12:31,32,68,47,48,702,0,34,0,17,17,186
2024-06-18 15:17:31,32,67,47,48,703,0,31,0,17,17,164
2024-06-18 15:22:31,32,67,47,55,702,0,34,0,19,19,162
2024-06-18 15:27:31,32,66,47,64,702,0,31,0,18,18,116
2024-06-18 15:32:32,32,66,47,48,702,0,32,0,18,18,169
2024-06-18 15:37:30,32,67,55,241,702,0,31,0,21,21,171
2024-06-18 15:42:30,32,68,53,254,702,0,31,0,20,20,184
2024-06-18 15:47:31,32,67,51,209,703,0,29,0,20,20,135
2024-06-18 15:52:30,32,69,48,114,703,0,33,0,19,19,171
2024-06-18 15:57:31,31,68,53,265,701,0,32,0,19,19,109
2024-06-18 16:02:29,31,68,49,256,701,0,30,0,19,19,159
2024-06-18 16:07:30,31,69,47,48,702,0,30,0,19,19,167
2024-06-18 16:12:28,31,68,48,240,703,0,29,0,19,19,102
2024-06-18 16:17:28,31,69,47,52,703,0,29,0,20,20,153
2024-06-18 16:22:29,31,71,47,48,704,0,31,0,19,19,174
2024-06-18 16:27:27,31,70,48,232,702,0,36,0,20,20,193
2024-06-18 16:32:27,31,70,47,55,702,0,36,0,21,21,171
2024-06-18 16:37:27,31,69,47,48,701,0,32,0,19,19,140
2024-06-18 16:42:27,31,70,47,48,702,0,37,0,20,20,209
2024-06-18 16:47:26,31,72,47,51,703,0,36,1,18,18,186
2024-06-18 16:52:26,31,71,47,59,702,0,35,0,18,18,184
2024-06-18 16:57:26,31,72,47,48,703,0,35,1,17,17,130
2024-06-18 17:02:25,31,73,47,51,703,0,36,1,18,18,183
2024-06-18 17:07:25,31,71,47,56,706,0,33,0,18,18,174
2024-06-18 17:12:25,31,71,47,52,706,0,35,1,18,18,158
2024-06-18 17:17:25,31,71,47,57,703,0,35,0,18,18,105
2024-06-18 17:22:24,31,72,47,49,702,0,36,1,18,18,109
2024-06-18 17:27:24,31,73,47,48,701,0,37,1,18,18,182
2024-06-18 17:32:24,31,73,47,49,702,0,36,1,18,18,160
2024-06-18 17:37:23,31,72,47,53,704,0,37,1,20,20,180
2024-06-18 17:42:23,31,72,47,48,702,0,36,1,20,20,186
2024-06-18 17:47:23,31,73,47,48,703,0,35,1,17,17,126
2024-06-18 17:52:22,31,74,47,48,702,0,36,1,20,20,187
2024-06-18 17:57:23,30,74,50,195,703,0,35,1,19,19,140
2024-06-18 18:02:22,30,73,47,48,703,0,34,0,23,23,141
2024-06-18 18:07:22,30,75,47,48,704,0,36,1,21,21,172
2024-06-18 18:12:22,30,74,47,53,702,0,34,0,19,19,123
2024-06-18 18:17:22,30,75,47,92,703,0,38,1,19,19,162
2024-06-18 18:22:22,30,77,47,50,694,0,41,1,29,29,173
2024-06-18 18:27:22,30,75,47,48,688,0,33,0,34,34,229
2024-06-18 18:32:21,30,76,47,49,591,0,34,1,21,21,147
2024-06-18 18:37:21,30,77,47,48,506,0,35,1,22,22,170
2024-06-18 18:42:21,30,77,47,48,395,0,36,1,21,21,268
2024-06-18 18:47:21,29,77,47,52,327,0,39,1,23,23,256
2024-06-18 18:52:21,29,77,47,52,236,0,37,1,28,28,177
2024-06-18 18:57:20,29,77,47,48,168,0,32,1,22,22,115
2024-06-18 19:02:20,29,77,47,48,120,0,31,1,23,23,137
2024-06-18 19:07:20,29,78,47,48,102,0,37,1,25,25,130
2024-06-18 19:12:20,29,78,47,48,42,0,32,1,20,20,84
2024-06-18 19:17:20,29,78,47,73,30,0,36,1,22,22,71
2024-06-18 19:22:20,29,79,47,48,20,0,37,1,25,25,158
2024-06-18 19:27:19,29,78,47,50,17,0,34,1,22,22,90
2024-06-18 19:32:21,29,78,47,48,13,0,34,1,22,22,81
2024-06-18 19:42:19,28,78,47,62,19,0,31,1,20,20,68
2024-06-18 19:47:18,28,79,47,73,19,0,32,1,21,21,64
2024-06-18 19:52:18,28,78,47,49,15,0,32,1,28,28,57
2024-06-18 19:57:18,28,79,47,48,4,0,34,1,42,42,98
2024-06-18 20:02:18,28,79,47,48,4,0,34,1,36,36,102
2024-06-18 20:07:17,28,79,47,48,13,0,36,1,32,32,83
2024-06-18 20:07:22,28,79,47,48,13,0,36,1,32,32,83
2024-06-18 20:12:17,28,79,47,49,17,0,35,1,24,24,64
2024-06-18 20:17:16,28,79,47,48,3,0,32,1,32,32,61
2024-06-18 20:22:16,28,78,47,48,18,0,29,1,40,40,56
2024-06-18 20:27:16,28,79,47,116,4,0,33,1,37,37,65
2024-06-18 20:32:16,28,79,47,93,19,0,34,1,27,27,55
2024-06-18 20:37:18,28,80,47,49,3,0,36,1,44,44,86
2024-06-18 20:42:17,28,80,47,51,12,0,35,1,40,40,78
2024-06-18 20:42:22,28,80,47,51,12,0,35,1,40,40,78
2024-06-18 20:47:17,28,79,47,50,4,0,35,1,36,36,65
2024-06-18 20:52:15,27,79,47,53,3,0,32,1,98,98,124
2024-06-18 20:57:18,27,79,47,52,4,0,32,1,87,88,125
2024-06-18 21:07:14,27,80,48,55,17,0,38,1,67,67,90
2024-06-18 21:12:14,27,79,48,53,4,0,33,1,63,64,73
2024-06-18 21:17:18,27,79,48,54,4,0,30,1,68,68,72
2024-06-18 21:17:19,27,79,48,54,4,0,30,1,68,68,72
2024-06-18 21:22:16,27,80,48,52,1,0,32,1,66,66,100
2024-06-18 21:27:16,27,79,47,53,19,0,33,1,33,33,42
2024-06-18 21:32:13,27,80,48,52,19,0,35,1,35,35,70
2024-06-18 21:37:12,27,80,47,52,14,0,31,1,100,101,129
2024-06-18 21:42:15,27,80,47,53,4,0,35,1,126,127,242
2024-06-18 21:47:12,27,81,47,55,3,0,36,1,71,72,136
2024-06-18 21:52:12,27,80,47,49,4,0,34,1,68,68,92
2024-06-18 21:57:11,27,81,47,49,5,0,36,1,68,68,158
2024-06-18 22:02:19,27,80,47,50,4,0,36,1,48,48,62
2024-06-18 22:02:20,27,80,47,50,4,0,36,1,48,48,62
2024-06-18 22:07:11,27,81,47,62,19,0,37,1,26,26,54
2024-06-18 22:12:10,27,81,47,52,4,0,39,1,27,27,40
2024-06-18 22:17:10,27,80,47,48,4,0,37,1,24,24,21
2024-06-18 22:22:10,27,80,47,59,3,0,35,1,25,25,29
2024-06-18 22:27:12,27,80,47,57,19,0,34,1,20,20,24
2024-06-18 22:32:09,27,80,47,50,4,0,34,1,23,23,26
2024-06-18 22:32:17,27,80,47,50,4,0,34,1,23,23,26
2024-06-18 22:37:09,27,80,47,51,13,0,31,1,21,21,25
2024-06-18 22:42:11,27,80,47,51,10,0,33,1,24,24,54
2024-06-18 22:47:08,27,81,47,50,18,0,35,1,23,23,57
2024-06-18 22:52:09,27,80,47,58,6,0,34,1,19,19,40
2024-06-18 22:57:07,27,80,47,56,5,0,33,1,25,25,56
2024-06-18 23:02:07,27,79,47,50,16,0,33,1,30,30,52
2024-06-18 23:07:07,27,80,47,48,12,0,36,1,22,22,76
2024-06-18 23:12:07,27,80,47,48,4,0,37,1,20,20,62
2024-06-18 23:17:07,27,80,47,48,3,0,36,1,23,23,46
2024-06-18 23:22:06,27,80,47,50,15,0,35,1,24,24,73
2024-06-18 23:27:07,27,80,47,55,11,0,37,1,21,21,51
2024-06-18 23:32:07,26,80,47,48,10,0,36,1,19,19,36
2024-06-18 23:37:09,26,79,47,56,4,0,31,1,22,22,35
2024-06-18 23:42:06,26,80,47,57,11,0,32,1,18,18,52
2024-06-18 23:47:06,26,80,47,48,10,0,36,1,18,18,36
2024-06-18 23:52:07,26,80,47,59,4,0,36,1,17,17,31
2024-06-18 23:57:05,26,80,47,48,4,0,35,1,16,16,31
2024-06-19 0:02:07,26,80,47,48,3,0,38,1,16,16,44
2024-06-19 0:07:05,26,80,47,48,4,0,37,1,14,14,25
2024-06-19 8:27:13,24,95,46,52,703,0,34,2,26,26,86
2024-06-19 8:32:13,25,94,47,48,704,0,32,1,22,22,91
2024-06-19 8:37:13,25,93,47,56,703,0,29,1,20,20,92
2024-06-19 8:42:13,25,91,47,68,703,0,28,1,22,22,107
2024-06-19 8:47:13,26,89,47,48,702,0,27,1,20,20,103
2024-06-19 8:52:13,26,89,47,96,703,0,25,1,21,21,110
2024-06-19 8:57:13,26,87,47,50,702,0,26,1,21,21,101
2024-06-19 9:02:13,26,85,48,267,704,0,24,1,20,20,99
2024-06-19 9:07:13,27,86,51,265,703,0,26,1,24,24,104
2024-06-19 9:12:12,27,84,47,49,704,0,27,1,20,20,112
2024-06-19 9:13:14,27,85,47,47,702,0,28,1,21,21,100
2024-06-19 9:18:14,27,83,47,51,704,0,28,1,19,19,88
2024-06-19 9:23:14,27,83,47,57,703,0,28,1,20,20,117
2024-06-19 9:28:14,27,82,47,57,702,0,26,0,20,20,60
2024-06-19 9:33:14,27,81,47,48,703,0,25,0,18,18,66
2024-06-19 9:38:14,27,82,47,48,703,0,27,0,19,19,85
2024-06-19 9:43:14,28,80,47,77,703,0,26,0,18,18,76
2024-06-19 9:48:14,28,80,47,116,703,0,23,0,17,17,76
2024-06-19 9:53:13,28,80,48,202,703,0,27,0,17,17,90
2024-06-19 9:58:13,28,78,47,53,702,0,24,0,16,16,114
2024-06-19 10:03:13,28,75,47,48,703,0,23,0,16,16,73
2024-06-19 10:08:13,28,75,47,56,703,0,25,0,17,17,84
2024-06-19 10:13:13,29,74,47,56,703,0,23,0,14,14,73
2024-06-19 10:18:13,29,76,47,66,702,0,28,0,16,16,147
2024-06-19 10:23:13,29,78,47,49,703,0,30,0,14,14,171
2024-06-19 10:28:12,29,75,50,241,703,0,25,0,14,14,83
2024-06-19 10:33:12,29,75,47,117,702,0,29,0,16,16,163
2024-06-19 10:38:12,30,71,47,125,701,0,24,0,15,15,74
2024-06-19 10:43:12,30,70,48,124,703,0,26,0,13,13,87
2024-06-19 10:48:12,30,71,49,248,702,0,27,0,13,13,106
2024-06-19 10:53:11,30,69,58,237,702,0,29,0,13,13,129
2024-06-19 10:58:11,30,69,50,232,703,0,25,0,12,12,117
2024-06-19 11:03:11,30,68,47,72,702,0,25,0,13,13,108
2024-06-19 11:08:11,31,69,47,79,702,0,26,0,13,13,129
2024-06-19 11:13:11,31,71,47,104,703,0,30,0,14,14,216
2024-06-19 11:18:10,31,68,55,189,703,0,27,0,12,12,117
2024-06-19 11:23:10,31,68,52,194,702,0,29,0,12,12,159
2024-06-19 11:28:11,31,68,48,164,702,0,30,0,13,13,130
2024-06-19 11:33:10,31,68,48,112,703,0,25,0,12,12,114
2024-06-19 11:38:10,31,64,47,66,702,0,24,0,11,11,82
2024-06-19 11:43:09,31,66,47,50,702,0,28,0,11,11,184
2024-06-19 11:48:09,31,65,47,48,702,0,27,0,11,11,178
2024-06-19 11:53:09,32,66,47,60,702,0,29,0,12,12,251
2024-06-19 11:58:08,32,63,47,50,701,0,30,0,11,11,161
2024-06-19 12:03:08,32,64,47,49,702,0,30,0,10,10,138
2024-06-19 12:08:08,32,64,47,49,702,0,26,0,10,10,136
2024-06-19 12:13:09,32,63,47,48,702,0,21,0,9,9,81
2024-06-19 12:18:08,32,66,47,74,702,0,27,0,9,9,188
2024-06-19 12:23:08,32,65,47,51,702,0,30,0,10,10,157
2024-06-19 12:28:07,32,63,47,48,702,0,29,0,11,11,242
2024-06-19 12:33:07,32,61,47,72,701,0,24,0,11,11,89
2024-06-19 12:38:07,32,63,47,56,703,0,27,0,10,10,183
2024-06-19 12:43:08,32,64,47,49,702,0,29,0,12,12,205
2024-06-19 12:48:06,32,65,47,48,702,0,32,1,9,9,218
2024-06-19 12:53:07,32,65,47,56,703,0,32,0,9,9,218
2024-06-19 12:58:06,32,66,47,49,701,0,31,0,9,9,213
2024-06-19 13:03:06,32,65,48,106,702,0,34,0,15,15,224
2024-06-19 13:08:05,32,67,49,101,702,0,35,1,9,9,201
2024-06-19 13:13:05,32,68,47,55,709,1,31,1,8,8,185
2024-06-19 13:18:05,32,66,47,48,702,0,34,1,10,10,179
2024-06-19 13:23:10,32,67,47,59,702,0,32,0,11,11,138
2024-06-19 13:23:17,32,67,47,59,702,0,32,0,11,11,138
2024-06-19 13:28:05,32,62,47,49,703,0,23,0,9,9,79
2024-06-19 13:33:04,32,64,47,88,701,0,32,0,12,12,249
2024-06-19 13:38:04,33,64,47,55,703,0,31,0,8,8,248
2024-06-19 13:43:03,33,63,47,48,701,0,29,0,10,10,177
2024-06-19 13:48:03,33,65,47,48,704,0,33,0,9,9,286
2024-06-19 13:53:03,33,64,47,52,702,0,34,0,9,9,239
2024-06-19 13:58:03,33,62,47,56,702,0,32,0,9,9,185
2024-06-19 14:03:02,33,65,47,53,702,0,33,1,9,9,235
2024-06-19 14:08:02,33,61,47,53,701,0,29,0,9,9,217
2024-06-19 14:13:01,33,64,47,50,702,0,32,0,10,10,297
2024-06-19 14:18:01,33,61,47,51,702,0,32,0,9,9,151
2024-06-19 14:23:00,33,61,47,51,703,0,25,0,9,9,145
2024-06-19 14:28:00,33,63,47,50,702,0,33,1,8,8,255
2024-06-19 14:33:01,33,65,47,54,702,0,43,1,10,10,310
2024-06-19 14:38:00,33,63,47,60,701,0,34,1,8,8,191
2024-06-19 14:43:00,33,64,47,48,704,0,35,1,9,9,187
2024-06-19 14:48:00,33,61,47,51,702,0,34,0,9,9,146
2024-06-19 14:53:01,33,61,47,55,701,0,32,0,9,9,123
2024-06-19 14:57:59,34,62,47,75,701,0,33,0,9,9,127
2024-06-19 15:02:58,34,65,47,52,702,0,36,1,10,10,292
2024-06-19 15:07:58,34,61,47,66,702,0,34,0,9,9,165
2024-06-19 15:12:58,34,60,47,62,702,0,33,0,10,10,124
2024-06-19 15:17:58,34,61,47,49,702,0,33,0,9,9,160
2024-06-19 15:22:58,34,58,47,53,701,0,27,0,8,8,135
2024-06-19 15:27:58,34,61,47,48,702,0,33,0,8,8,199
2024-06-19 15:32:57,34,62,47,52,702,0,34,0,8,8,277
2024-06-19 15:37:57,34,63,47,48,702,0,33,1,8,8,191
2024-06-19 15:42:57,34,60,47,48,702,0,34,0,9,9,226
2024-06-19 15:47:56,34,59,47,54,702,0,32,0,10,10,207
2024-06-19 15:52:57,34,59,47,48,702,0,34,0,9,9,168
2024-06-19 15:57:56,34,58,47,164,701,0,31,0,9,9,191
2024-06-19 16:02:56,34,58,47,49,702,0,33,0,10,10,214
2024-06-19 16:07:55,34,58,47,60,701,0,35,0,16,16,224
2024-06-19 16:12:55,34,59,50,261,702,0,34,0,19,19,271
2024-06-19 16:17:54,35,58,47,48,711,1,33,0,11,11,239
2024-06-19 16:22:54,35,59,47,48,702,0,35,1,15,15,220
2024-06-19 16:27:54,35,60,50,237,701,0,35,1,11,11,296
2024-06-19 16:32:55,34,58,47,48,702,0,37,1,8,8,154
2024-06-19 16:37:53,34,61,47,54,702,0,35,1,9,9,191
2024-06-19 16:42:54,34,60,47,60,702,0,38,1,9,9,248
2024-06-19 16:47:53,34,59,48,131,702,0,37,1,8,8,170
2024-06-19 16:52:53,34,60,47,49,702,0,33,0,8,8,153
2024-06-19 16:57:53,34,59,48,164,702,0,35,0,8,8,174
2024-06-19 17:07:51,34,59,47,99,702,0,33,0,8,8,177
2024-06-19 17:12:51,34,63,47,97,702,0,37,1,8,8,209
2024-06-19 17:17:51,34,63,47,48,701,0,31,1,9,9,166
2024-06-19 17:22:52,34,61,47,48,703,0,36,1,10,10,198
2024-06-19 17:27:52,34,60,47,50,702,0,35,1,9,9,141
2024-06-19 17:32:49,34,62,47,51,701,0,37,1,8,8,205
2024-06-19 17:37:49,34,60,47,48,701,0,36,1,8,8,160
2024-06-19 17:42:49,34,61,47,49,701,0,36,1,8,8,152
2024-06-19 17:47:48,34,63,47,175,702,0,39,1,8,8,281
2024-06-19 17:52:48,34,63,47,48,701,0,40,1,8,8,258
2024-06-19 17:57:47,34,61,47,48,702,0,33,1,8,8,135
2024-06-19 18:02:47,34,60,47,63,702,0,33,1,8,8,115
2024-06-19 18:07:47,34,59,47,55,702,0,36,0,8,8,101
2024-06-19 18:12:47,34,63,47,51,702,0,39,1,8,8,267
2024-06-19 18:17:46,34,64,47,50,702,0,36,1,10,10,218
2024-06-19 18:22:46,33,66,47,52,702,0,35,1,10,10,190
2024-06-19 18:27:46,33,66,47,49,533,0,36,1,98,99,359
2024-06-19 18:32:46,33,68,47,65,510,0,33,0,13,13,150
2024-06-19 18:37:45,32,69,47,184,517,0,34,0,15,15,139
2024-06-19 18:42:45,32,71,47,48,408,0,33,0,15,15,120
2024-06-19 18:47:45,32,73,47,48,295,0,38,1,19,19,242
2024-06-19 18:52:45,31,73,47,49,171,0,36,1,17,17,193
2024-06-19 18:57:44,31,73,47,66,51,0,34,1,16,16,176
2024-06-19 19:02:44,31,75,47,51,31,0,34,1,110,110,279
2024-06-19 19:07:44,31,73,47,48,20,0,33,1,24,24,253
2024-06-19 19:12:44,31,73,47,60,13,0,34,1,22,22,395
2024-06-19 19:17:44,31,72,47,62,17,0,32,0,12,12,136
2024-06-19 19:22:43,30,72,47,48,17,0,35,0,11,11,112
2024-06-19 19:27:44,30,73,47,64,4,0,34,0,11,11,105
2024-06-19 19:32:43,30,72,47,48,17,0,31,0,10,10,60
2024-06-19 19:37:43,30,72,47,48,18,0,30,0,10,10,57
2024-06-19 19:42:43,30,74,47,48,17,0,32,0,10,10,90
2024-06-19 19:47:42,29,74,47,48,4,0,33,0,10,10,64
2024-06-19 19:52:42,29,75,47,50,4,0,34,0,10,10,101
2024-06-19 19:57:42,29,75,47,48,17,0,33,0,9,9,113
2024-06-19 20:02:42,29,76,47,69,16,0,33,0,10,10,89
2024-06-19 20:07:42,29,76,47,48,13,0,35,1,11,11,138
2024-06-19 20:12:41,29,77,48,257,3,0,36,1,10,10,133
2024-06-19 20:17:41,29,78,47,48,13,0,36,1,12,12,130
2024-06-19 20:22:41,29,77,47,51,17,0,36,1,9,9,116
2024-06-19 20:24:35,29,77,47,54,14,0,34,1,10,10,76
2024-06-19 20:29:35,28,78,48,208,3,0,33,1,10,10,89
2024-06-19 20:34:35,28,78,47,49,16,0,33,1,9,9,66
2024-06-19 20:39:34,28,78,47,48,3,0,29,0,10,10,65
2024-06-19 20:44:35,28,78,47,53,4,0,33,0,10,10,97
2024-06-19 20:49:34,28,78,47,53,5,0,33,0,9,9,98
2024-06-19 20:54:34,28,79,47,49,4,0,31,0,10,10,86
2024-06-19 20:59:33,28,79,47,49,4,0,34,1,10,10,92
2024-06-19 21:04:33,28,79,47,50,12,0,35,1,11,11,94
2024-06-19 21:09:34,28,79,47,61,12,0,31,1,10,10,50
2024-06-19 21:14:33,28,79,47,54,18,0,32,1,10,10,77
2024-06-19 21:19:33,28,79,47,59,17,0,33,1,11,11,93
2024-06-19 21:24:33,28,79,47,51,16,0,35,1,12,12,71
2024-06-19 21:29:33,28,80,47,53,16,0,36,1,12,12,143
2024-06-19 21:34:32,28,80,47,51,3,0,38,1,10,10,113
2024-06-19 21:39:32,28,79,47,55,12,0,36,1,11,11,83
2024-06-19 21:44:33,28,79,47,49,12,0,36,1,12,12,91
2024-06-19 21:59:32,28,80,47,51,4,0,33,1,10,10,93
2024-06-19 22:04:32,28,81,47,48,18,0,37,1,11,11,129
2024-06-19 22:09:31,28,80,47,52,16,0,34,1,11,11,72
2024-06-19 22:14:31,28,80,47,48,4,0,35,1,12,12,95
2024-06-19 22:19:31,28,80,47,48,4,0,35,1,12,12,69
2024-06-19 22:24:31,28,80,47,52,3,0,32,1,11,11,72
2024-06-19 22:29:31,28,81,47,50,15,0,34,1,12,12,73
2024-06-19 22:34:31,28,80,47,124,15,0,35,1,12,12,110
2024-06-19 22:39:30,28,81,47,48,15,0,37,1,11,11,112
2024-06-19 22:44:30,28,81,47,48,5,0,36,1,12,12,75
2024-06-19 22:49:30,28,80,47,49,14,0,34,0,12,12,58
2024-06-19 22:54:30,28,80,47,48,3,0,33,0,11,11,66
2024-06-19 22:59:30,28,80,47,54,12,0,34,1,12,12,77
2024-06-19 23:04:30,28,79,47,48,4,0,29,0,10,10,56
2024-06-19 23:09:30,28,80,47,48,16,0,33,1,11,11,97
2024-06-19 23:14:30,28,80,47,52,13,0,35,1,12,12,91
2024-06-19 23:19:29,28,79,47,48,4,0,33,1,11,11,60
2024-06-19 23:24:29,28,79,47,48,3,0,33,1,9,9,58
2024-06-19 23:29:29,28,80,47,48,9,0,33,1,12,12,69
2024-06-19 23:34:29,28,80,47,48,17,0,33,1,11,11,77
2024-06-19 23:39:29,28,80,47,48,11,0,35,1,11,11,73
2024-06-19 23:44:29,28,80,47,50,16,0,36,1,11,11,88
2024-06-19 23:49:28,27,79,47,49,3,0,33,1,9,9,51
2024-06-19 23:54:28,27,80,47,54,4,0,36,1,11,11,89
2024-06-19 23:59:28,27,79,47,48,4,0,29,1,11,11,39
2024-06-20 0:04:28,27,80,47,60,3,0,31,1,12,12,62
2024-06-20 0:09:28,27,80,47,54,4,0,35,1,11,11,78
2024-06-20 0:14:28,27,79,47,48,17,0,33,1,11,11,50
2024-06-20 0:19:28,27,80,47,48,4,0,35,1,11,11,88
2024-06-20 0:24:27,27,81,47,48,9,0,35,1,12,12,65
2024-06-20 0:29:27,27,81,47,55,4,0,34,1,11,11,77
2024-06-20 0:34:27,27,80,47,48,8,0,35,1,10,10,79
2024-06-20 0:39:27,27,80,47,49,4,0,33,1,10,10,49
2024-06-20 0:44:26,27,80,47,49,16,0,34,1,10,10,50
2024-06-20 0:49:26,27,79,47,53,4,0,30,1,10,10,31
2024-06-20 0:54:26,27,80,47,60,14,0,35,1,11,11,88
2024-06-20 0:59:26,27,80,47,51,17,0,35,1,11,11,49
2024-06-20 1:04:26,27,80,47,48,11,0,35,1,11,11,62
2024-06-20 7:41:52,25,94,46,50,703,0,33,2,27,27,90
2024-06-20 8:46:58,26,90,52,236,702,0,31,1,22,22,81
2024-06-20 8:51:58,26,90,55,227,704,0,28,1,20,20,93
2024-06-20 8:56:59,27,88,47,59,702,0,26,1,17,17,100
2024-06-20 9:01:58,27,85,47,70,702,0,23,1,17,17,104
2024-06-20 9:06:58,28,85,48,104,702,0,27,1,17,17,110
2024-06-20 9:11:58,28,83,47,74,703,0,26,1,15,15,102
2024-06-20 9:16:58,28,80,48,127,702,0,25,1,15,15,109
2024-06-20 9:21:58,28,78,48,133,704,0,24,1,15,15,79
2024-06-20 9:26:57,29,79,47,167,703,0,26,1,16,16,92
2024-06-20 9:31:57,29,79,47,82,702,0,28,1,17,17,133
2024-06-20 9:36:57,29,77,54,272,702,0,23,1,15,15,81
2024-06-20 9:41:57,29,77,47,70,703,0,23,1,18,18,111
2024-06-20 9:46:57,29,78,49,106,702,0,26,1,18,18,139
2024-06-20 9:51:56,29,79,55,229,702,0,25,1,18,18,142
2024-06-20 9:56:56,29,79,48,154,703,0,25,1,15,15,116
2024-06-20 10:01:56,29,77,48,202,703,0,26,1,16,16,154
2024-06-20 10:06:56,29,78,47,106,702,0,27,1,15,15,119
2024-06-20 10:11:56,29,77,48,203,703,0,27,1,14,14,139
2024-06-20 10:16:56,29,76,47,49,703,0,24,0,14,14,109
2024-06-20 10:21:55,29,76,47,48,703,0,24,0,12,12,118
2024-06-20 10:26:55,29,76,47,49,702,0,26,0,13,13,114
2024-06-20 10:31:55,29,76,48,159,701,0,26,0,14,14,129
2024-06-20 10:36:55,30,74,47,49,710,0,23,0,14,14,161
2024-06-20 10:41:55,30,75,48,211,702,0,27,1,12,12,150
2024-06-20 10:46:54,30,74,47,48,702,0,25,0,11,11,88
2024-06-20 10:51:54,30,73,47,83,702,0,26,0,12,12,103
2024-06-20 10:56:54,30,72,47,51,702,0,24,0,12,12,80
2024-06-20 11:01:54,30,70,47,48,705,0,25,0,13,13,131
2024-06-20 11:06:54,31,72,47,60,701,0,28,0,12,12,144
2024-06-20 11:11:53,31,71,47,51,700,0,29,0,12,12,136
2024-06-20 11:16:56,31,67,47,50,702,0,25,0,11,11,60
2024-06-20 11:21:53,31,69,47,48,702,0,26,0,11,11,109
2024-06-20 11:26:53,31,69,47,48,703,0,29,0,11,11,171
2024-06-20 11:31:52,32,67,47,48,702,0,28,0,13,13,168
2024-06-20 11:36:54,32,66,47,51,702,0,29,0,10,10,169
2024-06-20 11:41:56,32,68,47,51,702,0,32,1,14,14,291
2024-06-20 11:41:57,32,68,47,51,702,0,32,1,14,14,291
2024-06-20 11:46:51,32,68,49,212,702,0,30,1,11,11,191
2024-06-20 11:51:51,32,65,47,73,703,0,25,0,10,10,110
2024-06-20 11:51:55,32,65,47,73,703,0,25,0,10,10,110
2024-06-20 11:52:00,32,65,47,73,703,0,25,0,10,10,110
2024-06-20 11:52:06,32,65,47,73,703,0,25,0,10,10,110
2024-06-20 11:56:52,32,65,47,55,702,0,29,0,14,14,178
2024-06-20 12:01:50,32,62,47,51,702,0,24,0,11,11,66
2024-06-20 12:06:49,32,63,47,51,702,0,21,0,10,10,74
2024-06-20 12:11:49,32,64,47,108,702,0,24,0,11,11,117
2024-06-20 12:16:50,32,67,47,48,702,0,28,0,13,13,199
2024-06-20 12:21:49,32,64,47,49,702,0,24,0,10,10,112
2024-06-20 12:26:50,32,63,47,52,701,0,24,0,10,10,105
2024-06-20 12:31:50,33,65,47,48,702,0,27,0,10,10,177
2024-06-20 12:36:48,33,67,47,49,702,0,29,1,9,9,221
2024-06-20 12:41:57,33,62,47,74,702,0,27,0,9,9,120
2024-06-20 12:41:57,33,62,47,74,702,0,27,0,9,9,120
2024-06-20 12:41:57,33,62,47,74,702,0,27,0,9,9,120
2024-06-20 12:46:47,33,63,47,56,701,0,27,0,10,10,136
2024-06-20 12:51:46,33,62,47,48,708,0,29,0,10,10,218
2024-06-20 12:56:53,33,64,47,50,703,0,28,0,9,9,174
2024-06-20 12:56:54,33,64,47,50,703,0,28,0,9,9,174
2024-06-20 13:01:45,33,61,47,53,702,0,25,0,9,9,135
2024-06-20 13:06:45,34,61,48,107,702,0,25,0,9,9,144
2024-06-20 13:11:44,34,63,47,54,702,0,31,1,9,9,218
2024-06-20 13:16:44,34,59,47,51,702,0,31,0,10,10,155
2024-06-20 13:21:44,34,58,47,83,702,0,29,0,10,10,112
2024-06-20 13:26:43,34,59,47,58,704,0,29,0,10,10,166
2024-06-20 13:26:48,34,59,47,58,704,0,29,0,10,10,166
2024-06-20 13:26:56,34,59,47,58,704,0,29,0,10,10,166
2024-06-20 13:31:43,34,59,47,56,703,0,29,0,10,10,153
2024-06-20 13:36:42,34,59,47,54,702,0,24,0,10,10,108
2024-06-20 13:41:42,34,64,47,48,702,0,29,1,9,9,180
2024-06-20 13:46:41,34,59,47,77,702,0,30,0,9,9,205
2024-06-20 13:51:41,34,59,47,48,701,0,32,1,10,10,276
2024-06-20 13:56:41,34,60,47,67,702,0,31,1,8,8,188
2024-06-20 14:01:41,34,62,47,70,701,0,32,1,9,9,210
2024-06-20 14:11:40,34,61,47,74,702,0,33,1,10,10,247
2024-06-20 14:26:39,34,61,47,55,701,0,32,0,10,10,225
2024-06-20 14:31:41,35,59,51,200,702,0,34,1,9,9,229
2024-06-20 14:41:40,35,60,47,53,702,0,32,1,10,10,185
2024-06-20 14:51:38,35,57,47,51,702,0,33,0,10,10,228
2024-06-20 14:56:38,35,57,47,49,702,0,30,0,9,9,159
2024-06-20 15:01:40,35,60,47,48,701,0,35,1,9,9,249
2024-06-20 15:06:37,34,61,47,50,701,0,34,1,10,10,211
2024-06-20 15:11:37,34,61,47,52,702,0,35,1,10,10,252
2024-06-20 15:16:39,34,63,47,54,701,0,34,1,10,10,234
2024-06-20 15:26:35,34,61,47,72,702,0,29,0,9,9,156
2024-06-20 15:31:35,34,62,47,49,702,0,31,0,9,9,272
2024-06-20 15:36:35,34,59,47,48,702,0,29,0,10,10,167
2024-06-20 15:41:35,34,60,47,51,701,0,30,0,10,10,245
2024-06-20 15:46:41,34,61,47,49,702,0,25,0,12,12,152
2024-06-20 15:46:56,34,61,47,49,702,0,25,0,12,12,152
2024-06-20 15:51:37,34,61,47,50,701,0,28,0,12,12,164
2024-06-20 15:56:33,34,62,47,52,702,0,29,0,10,10,255
2024-06-20 16:01:32,34,65,47,58,701,0,35,1,17,17,384
2024-06-20 16:06:32,34,64,47,48,702,0,35,1,15,15,340
2024-06-20 16:11:32,34,63,47,48,702,0,33,1,12,12,270
2024-06-20 16:16:32,34,60,47,48,702,0,30,0,9,9,181
2024-06-20 16:21:32,34,62,47,50,708,0,30,0,9,9,248
2024-06-20 16:26:31,34,61,47,52,701,0,30,0,11,11,145
2024-06-20 16:31:30,34,61,47,48,702,0,32,1,9,9,234
2024-06-20 16:36:30,34,64,47,48,703,0,31,0,8,8,191
2024-06-20 16:41:30,33,65,47,48,702,0,31,0,9,9,232
2024-06-20 16:46:30,33,66,48,193,701,0,33,0,8,8,177
2024-06-20 16:51:30,33,65,47,106,702,0,28,0,6,6,118
2024-06-20 16:56:29,32,67,47,48,701,0,31,0,8,8,159
2024-06-20 17:01:29,32,66,47,62,702,0,26,0,7,7,102
2024-06-20 17:01:34,32,66,47,62,702,0,26,0,7,7,102
2024-06-20 17:06:29,32,70,47,85,702,0,32,1,8,8,205
2024-06-20 17:11:29,32,69,47,52,702,0,32,1,6,6,157
2024-06-20 17:16:28,32,69,52,190,703,0,31,0,8,8,191
2024-06-20 17:21:28,31,68,56,255,701,0,28,0,8,8,140
2024-06-20 17:26:28,31,68,49,224,702,0,29,0,8,8,143
2024-06-20 17:31:28,31,66,49,238,702,0,29,0,8,8,145
2024-06-20 17:36:27,31,68,48,222,702,0,29,0,11,11,114
2024-06-20 17:41:27,31,69,50,205,702,0,32,0,10,10,156
2024-06-20 17:46:27,31,71,47,48,703,0,33,0,8,8,255
2024-06-20 17:51:26,31,69,48,225,703,0,24,0,8,8,109
2024-06-20 17:56:26,30,70,47,48,702,0,29,0,8,8,118
2024-06-20 18:01:26,30,72,47,57,703,0,30,0,8,8,139
2024-06-20 18:06:26,30,71,47,49,703,0,29,0,7,7,76
2024-06-20 18:11:26,30,73,48,209,702,0,35,1,8,8,177
2024-06-20 18:16:26,30,72,47,48,703,0,33,1,14,14,184
2024-06-20 18:21:25,30,72,47,49,703,0,31,0,8,8,165
2024-06-20 18:26:25,30,73,48,254,703,0,32,0,7,7,98
2024-06-20 18:31:25,30,72,47,78,557,0,30,0,9,9,89
2024-06-20 18:36:25,30,72,47,48,386,0,29,0,8,8,96
2024-06-20 18:41:25,29,71,47,49,276,0,28,0,11,11,141
2024-06-20 18:46:24,29,72,47,48,194,0,32,0,10,10,171
2024-06-20 18:51:24,29,73,47,48,146,0,31,0,8,8,133
2024-06-20 18:56:24,29,73,47,49,86,0,32,0,8,8,102
2024-06-20 19:01:25,29,74,47,56,43,0,33,0,7,7,94
2024-06-20 19:06:24,29,74,47,57,31,0,33,0,8,8,151
2024-06-20 19:11:24,29,74,47,51,21,0,33,0,13,13,216
2024-06-20 19:16:24,29,74,47,48,4,0,32,0,9,9,152
2024-06-20 19:21:23,29,75,47,50,4,0,33,0,7,7,69
2024-06-20 19:26:23,29,76,47,49,18,0,31,0,7,7,174
2024-06-20 19:31:23,29,76,47,53,12,0,33,1,7,7,157
2024-06-20 19:36:23,29,77,47,51,17,0,34,1,18,18,149
2024-06-20 19:41:23,29,77,47,48,4,0,33,0,8,8,88
2024-06-20 19:46:23,29,76,47,52,4,0,29,0,14,14,93
2024-06-20 19:51:22,29,77,47,48,3,0,30,0,36,36,193
2024-06-20 19:56:22,29,77,47,48,13,0,30,0,13,13,141
2024-06-20 20:01:22,29,76,47,48,11,0,29,0,27,27,216
2024-06-20 20:06:22,29,76,47,49,4,0,29,0,11,11,197
2024-06-20 20:11:22,29,76,47,52,4,0,31,0,7,7,138
2024-06-20 20:16:21,29,75,47,48,17,0,28,0,4,4,54
2024-06-20 20:21:21,29,74,47,50,7,0,27,0,4,4,81
2024-06-20 20:26:21,28,74,47,51,19,0,29,0,3,3,61
2024-06-20 20:31:21,28,74,47,49,18,0,29,0,7,7,86
2024-06-20 20:36:21,28,75,47,80,14,0,30,0,10,10,129
2024-06-20 20:41:20,28,75,47,53,18,0,28,0,4,4,54
2024-06-20 20:46:20,28,76,47,49,3,0,32,0,5,5,100
2024-06-20 20:51:23,28,76,47,49,17,0,31,0,6,6,78
2024-06-20 20:56:20,28,77,47,54,17,0,31,0,4,4,52
2024-06-20 21:01:19,28,77,47,49,4,0,28,0,3,3,44
2024-06-20 21:06:19,28,77,47,57,18,0,29,0,3,3,53
2024-06-20 21:11:19,28,78,47,51,9,0,32,0,4,4,91
2024-06-20 21:16:19,28,77,47,52,18,0,31,0,4,4,57
2024-06-20 21:21:20,28,76,47,50,4,0,29,0,4,4,33
2024-06-20 21:26:18,28,77,47,54,18,0,34,0,4,4,56
2024-06-20 21:31:18,28,76,47,56,5,0,31,0,4,4,46
2024-06-20 21:36:18,27,77,47,48,14,0,33,0,5,5,81
2024-06-20 21:41:18,27,76,47,49,14,0,26,0,4,4,40
2024-06-20 21:46:17,27,76,47,51,4,0,30,0,4,4,71
2024-06-20 21:51:17,27,76,47,52,4,0,28,0,3,3,41
2024-06-20 21:56:17,27,76,47,48,3,0,25,0,4,4,34
2024-06-20 22:01:17,27,77,47,49,4,0,29,0,4,4,63
2024-06-20 22:06:17,27,79,47,48,3,0,30,0,5,5,87
2024-06-20 22:11:16,27,77,47,57,3,0,28,0,4,4,45
2024-06-20 22:16:16,27,78,47,60,4,0,29,0,5,5,57
2024-06-20 22:21:16,27,79,48,227,11,0,32,0,4,4,84
2024-06-20 22:26:16,27,78,47,48,11,0,26,0,4,4,42
2024-06-20 22:31:16,26,77,47,48,16,0,27,0,5,5,45
2024-06-20 22:36:16,26,78,47,49,4,0,30,0,4,4,84
2024-06-20 22:41:16,26,78,47,50,18,0,27,0,4,4,36
2024-06-20 22:46:16,26,79,47,48,18,0,28,0,4,4,76
2024-06-20 22:51:15,26,78,47,48,4,0,28,0,4,4,43
2024-06-20 22:56:15,26,78,47,49,4,0,27,0,4,4,48
2024-06-20 23:01:15,26,79,47,48,16,0,29,0,4,4,69
2024-06-20 23:06:15,26,78,47,51,17,0,32,0,4,4,88
2024-06-20 23:11:16,26,78,47,50,17,0,32,0,5,5,57
2024-06-20 23:16:15,26,79,47,115,16,0,33,0,6,6,67
2024-06-20 23:21:15,26,79,47,48,15,0,30,0,6,6,70
2024-06-20 23:26:14,26,79,47,50,3,0,32,0,6,6,68
2024-06-20 23:31:14,26,78,48,253,9,0,29,0,6,6,55
2024-06-20 23:36:14,26,79,47,48,18,0,30,0,5,5,87
2024-06-20 23:41:14,26,79,47,48,11,0,30,0,5,5,67
2024-06-20 23:46:14,26,79,47,49,16,0,31,0,5,5,79
2024-06-20 23:51:14,26,79,47,48,12,0,30,0,6,6,97
2024-06-20 23:56:14,26,79,47,50,17,0,30,0,5,5,73
2024-06-21 0:01:14,26,79,47,54,18,0,30,0,5,5,77
2024-06-21 0:06:14,26,80,47,48,7,0,31,0,6,6,91
2024-06-21 0:11:13,26,80,47,54,18,0,32,1,5,5,94
2024-06-21 0:16:13,26,79,47,62,4,0,31,0,5,5,58
2024-06-21 0:21:13,26,79,47,58,14,0,30,0,5,5,77
2024-06-21 0:26:13,26,79,47,48,17,0,27,0,5,5,60
2024-06-21 0:31:13,26,79,47,52,18,0,31,0,5,5,96
2024-06-21 0:36:13,26,79,47,48,18,0,32,1,6,6,90
2024-06-21 0:41:13,26,79,47,95,4,0,31,0,5,5,59
2024-06-21 0:46:13,26,79,47,48,4,0,29,0,5,5,72
2024-06-21 0:51:12,26,80,47,48,4,0,33,1,5,5,71
2024-06-21 0:56:12,26,79,47,48,18,0,30,0,5,5,50
2024-06-21 1:01:12,26,79,47,48,4,0,30,0,5,5,51
2024-06-21 1:06:12,26,79,47,48,18,0,28,0,5,5,45
2024-06-21 1:11:12,25,80,47,52,11,0,32,1,6,6,77
2024-06-21 1:16:12,25,79,47,49,8,0,30,0,5,5,46
2024-06-21 1:21:12,25,81,47,48,12,0,31,1,5,5,78
2024-06-21 1:26:12,25,80,47,51,18,0,29,0,5,5,49
2024-06-21 1:31:12,25,81,47,51,4,0,31,1,5,5,84
2024-06-21 8:51:34,25,94,53,254,703,0,32,2,18,18,78
2024-06-21 8:56:34,25,93,47,63,703,0,30,1,15,15,107
2024-06-21 9:01:36,25,89,47,48,703,0,27,1,14,14,105
2024-06-21 9:06:34,26,87,47,48,703,0,27,1,14,14,96
2024-06-21 9:11:34,26,86,47,48,703,0,25,1,12,12,109
2024-06-21 9:16:34,27,84,53,239,704,0,25,1,12,12,118
2024-06-21 9:21:34,27,84,51,243,702,0,25,1,11,11,105
2024-06-21 9:26:34,27,81,47,56,702,0,25,1,10,10,114
2024-06-21 9:31:34,27,82,47,77,703,0,25,1,9,9,105
2024-06-21 9:36:34,27,80,65,295,702,0,29,1,10,10,87
2024-06-21 9:41:33,28,79,51,194,703,0,28,1,9,9,79
2024-06-21 9:46:34,28,79,58,247,702,0,23,0,8,8,51
2024-06-21 9:51:33,28,78,56,212,703,0,24,0,13,13,106
2024-06-21 9:56:33,28,78,48,101,702,0,26,1,9,9,89
2024-06-21 10:01:33,28,77,47,74,704,0,27,1,10,10,78
2024-06-21 10:06:33,28,78,47,48,703,0,25,0,7,7,106
2024-06-21 10:11:33,28,78,47,48,703,0,28,1,8,8,101
2024-06-21 10:16:33,28,78,47,57,703,0,30,1,10,10,133
2024-06-21 10:21:33,28,76,50,239,703,0,27,1,7,7,51
2024-06-21 10:26:32,28,78,47,71,703,0,26,1,7,7,91
2024-06-21 10:31:32,28,78,47,63,704,0,27,1,7,7,79
2024-06-21 10:36:32,28,78,47,59,701,0,27,1,11,11,102
2024-06-21 10:41:33,28,79,47,48,703,0,28,1,9,9,162
2024-06-21 10:46:32,28,78,47,48,703,0,27,1,9,9,178
2024-06-21 10:51:32,28,77,47,52,703,0,27,1,18,18,131
2024-06-21 10:56:31,28,77,47,137,702,0,28,1,9,9,138
2024-06-21 11:01:31,29,77,47,48,704,0,26,1,9,9,137
2024-06-21 11:06:32,29,78,47,84,702,0,27,1,9,9,122
2024-06-21 11:11:31,29,76,47,50,703,0,27,0,10,10,104
2024-06-21 11:16:30,29,78,47,50,703,0,27,1,9,9,213
2024-06-21 11:21:30,29,76,47,49,702,0,24,0,8,8,107
2024-06-21 11:26:30,29,74,47,50,703,0,25,0,9,9,97
2024-06-21 11:31:30,29,76,47,50,702,0,29,1,10,10,178
2024-06-21 11:36:30,29,76,47,77,702,0,30,1,11,11,213
2024-06-21 11:41:30,29,75,47,54,702,0,28,0,10,10,98
2024-06-21 11:46:30,29,74,47,52,702,0,28,0,8,8,89
2024-06-21 11:51:29,29,74,47,61,703,0,27,0,7,7,80
2024-06-21 11:56:29,29,75,47,57,703,0,27,0,7,7,131
2024-06-21 12:01:29,29,74,47,51,702,0,28,0,7,7,109
2024-06-21 12:06:30,29,73,47,49,702,0,27,0,7,7,101
2024-06-21 12:11:29,29,72,47,49,703,0,28,0,7,7,100
2024-06-21 12:16:30,29,72,47,60,702,0,30,0,7,7,78
2024-06-21 12:21:28,29,73,47,51,702,0,30,1,6,6,104
2024-06-21 12:26:28,30,72,47,48,702,0,35,1,6,6,145
2024-06-21 12:31:28,30,72,47,99,702,0,29,0,5,5,61
2024-06-21 12:36:28,30,74,47,52,702,0,28,0,6,6,73
2024-06-21 12:41:28,30,71,47,79,702,0,30,0,7,7,91
2024-06-21 12:46:27,30,72,47,48,703,0,27,0,8,8,104
2024-06-21 12:51:27,30,73,47,53,702,0,31,1,6,6,189
2024-06-21 12:56:27,30,71,47,50,702,0,26,0,5,5,81
2024-06-21 13:01:27,30,72,47,60,702,0,30,1,6,6,146
2024-06-21 13:06:27,30,70,47,53,710,0,24,0,6,6,89
2024-06-21 13:11:26,30,70,47,50,703,0,25,0,6,6,59
2024-06-21 13:16:26,30,71,47,78,703,0,27,0,6,6,116
2024-06-21 13:21:26,30,68,47,49,702,0,25,0,4,4,51
2024-06-21 13:26:26,30,69,47,50,702,0,28,0,6,6,110
2024-06-21 13:31:26,30,69,47,70,702,0,29,0,5,5,140
2024-06-21 13:36:25,30,69,47,60,703,0,28,0,5,5,116
2024-06-21 13:41:25,30,69,47,87,702,0,30,0,5,5,177
2024-06-21 13:46:25,31,70,47,49,703,0,31,1,5,5,187
2024-06-21 13:51:25,31,70,47,57,702,0,29,0,4,4,115
2024-06-21 13:56:25,31,67,47,52,702,0,29,0,4,4,83
2024-06-21 14:01:24,31,66,47,55,702,0,29,0,5,5,118
2024-06-21 14:06:24,31,68,49,229,702,0,31,0,6,6,164
2024-06-21 14:11:24,31,66,47,57,703,0,29,0,4,4,163
2024-06-21 14:16:24,31,65,47,48,702,0,29,0,3,3,78
2024-06-21 14:21:24,31,67,47,54,703,0,29,0,4,4,149
2024-06-21 14:26:24,31,66,47,48,703,0,26,0,4,4,75
2024-06-21 14:31:23,31,66,47,57,700,0,27,0,3,3,92
2024-06-21 14:36:23,31,67,47,71,703,0,30,0,4,4,183
2024-06-21 14:41:23,31,64,47,71,702,0,29,0,3,3,93
2024-06-21 14:46:22,31,66,47,90,703,0,32,0,5,5,85
2024-06-21 14:51:22,31,66,47,51,704,0,32,0,4,4,209
2024-06-21 14:56:22,31,66,47,57,702,0,33,0,9,10,285
2024-06-21 15:01:22,31,67,47,77,702,0,31,0,5,5,126
2024-06-21 15:06:22,31,66,47,65,701,0,31,0,19,19,208
2024-06-21 15:11:21,32,66,47,74,702,0,31,0,8,8,209
2024-06-21 15:16:21,32,64,47,63,702,0,28,0,6,6,106
2024-06-21 15:21:21,32,64,47,87,701,0,26,0,5,5,102
2024-06-21 15:26:21,32,63,47,79,702,0,29,0,5,5,135
2024-06-21 15:31:20,32,65,47,48,702,0,34,1,5,5,157
2024-06-21 15:36:20,32,63,47,50,701,0,30,0,5,5,166
2024-06-21 15:41:20,32,64,47,49,702,0,30,0,5,5,186
2024-06-21 15:46:19,32,65,47,48,701,0,32,1,4,4,258
2024-06-21 15:51:19,32,64,47,89,702,0,29,0,5,5,135
2024-06-21 15:56:19,32,63,47,52,703,0,29,0,5,5,195
2024-06-21 16:01:19,32,67,48,197,703,0,31,1,4,4,180
2024-06-21 16:06:19,31,66,47,49,703,0,30,1,5,5,192
2024-06-21 16:11:18,31,69,47,48,703,0,31,1,5,5,152
2024-06-21 16:16:18,31,67,47,51,703,0,30,1,7,7,213
2024-06-21 16:21:18,31,68,51,244,701,0,32,1,8,8,204
2024-06-21 16:25:34,31,68,51,233,702,0,33,1,8,8,138
2024-06-21 16:30:34,31,72,48,86,703,0,34,1,7,7,207
2024-06-21 16:35:34,31,70,52,221,703,0,35,1,8,9,308
2024-06-21 16:40:34,31,70,47,72,702,0,33,1,9,9,227
2024-06-21 16:45:33,31,70,47,90,702,0,31,0,7,7,203
2024-06-21 16:50:33,31,68,48,110,701,0,31,0,8,8,337
2024-06-21 16:55:33,31,69,47,115,702,0,32,0,8,8,188
2024-06-21 17:00:33,31,70,47,67,704,0,35,1,8,8,330
2024-06-21 17:05:33,31,72,48,111,702,0,36,1,6,6,279
2024-06-21 17:10:32,31,69,47,49,702,0,33,1,7,7,133
2024-06-21 17:15:32,31,70,47,51,702,0,33,1,9,9,205
2024-06-21 17:20:32,31,69,47,81,711,0,30,0,4,4,160
2024-06-21 17:25:32,31,70,47,94,702,0,32,0,4,4,217
2024-06-21 17:30:32,30,69,47,69,702,0,35,1,4,4,412
2024-06-21 17:35:31,30,70,47,62,702,0,30,1,6,6,184
2024-06-21 17:40:31,30,70,47,102,703,0,30,1,4,4,208
2024-06-21 17:45:31,30,70,47,84,703,0,29,1,5,5,257
2024-06-21 17:50:31,30,72,47,90,703,0,32,1,5,5,213
2024-06-21 17:55:31,29,72,47,49,702,0,31,1,6,6,156
2024-06-21 18:00:31,29,71,47,91,704,0,28,1,2,2,67
2024-06-21 18:05:31,29,71,47,83,702,0,30,1,4,4,156
2024-06-21 18:10:31,29,70,47,96,703,0,26,0,2,2,75
2024-06-21 18:15:31,29,71,47,53,703,0,27,0,1,1,85
2024-06-21 18:20:31,29,72,47,49,658,0,28,0,1,1,70
2024-06-21 18:25:30,29,72,47,55,704,0,27,0,2,2,76
2024-06-21 18:30:30,28,72,47,58,702,0,27,0,1,1,68
2024-06-21 18:35:30,28,73,48,134,378,0,28,0,4,5,130
2024-06-21 18:40:30,28,73,47,48,206,0,27,0,1,1,93
2024-06-21 18:45:30,28,73,47,48,144,0,25,0,1,2,54
2024-06-21 18:50:30,28,74,47,49,84,0,27,0,3,3,88
2024-06-21 18:55:30,28,74,47,62,38,0,30,0,5,5,100
2024-06-21 19:00:29,28,74,47,48,37,0,28,0,3,3,83
2024-06-21 19:05:29,28,74,47,50,31,0,28,0,2,2,122
2024-06-21 19:10:29,27,73,47,48,19,0,24,0,2,2,56
2024-06-21 19:15:29,27,74,47,112,14,0,27,0,1,1,79
2024-06-21 19:20:29,27,73,47,48,14,0,24,0,1,1,38
2024-06-21 19:25:29,27,73,47,52,13,0,24,0,1,1,60
2024-06-21 19:30:29,27,73,47,107,4,0,24,0,1,1,37
2024-06-21 19:35:29,27,74,47,58,20,0,24,0,1,1,38
2024-06-21 19:40:29,27,75,47,48,15,0,25,0,30,30,93
2024-06-21 19:45:29,27,75,47,48,16,0,26,0,1,1,73
2024-06-21 19:50:28,26,75,47,48,15,0,26,0,13,13,62
2024-06-21 19:55:28,26,75,47,48,4,0,28,0,51,51,308
2024-06-21 20:00:28,26,76,47,56,4,0,29,0,6,6,185
2024-06-21 20:05:28,26,76,47,50,17,0,30,0,12,12,252
2024-06-21 20:10:28,26,75,47,50,4,0,26,0,1,1,51
2024-06-21 20:15:27,26,76,47,53,19,0,27,0,4,4,77
2024-06-21 20:20:27,26,76,47,51,11,0,27,0,5,5,93
2024-06-21 20:25:27,26,76,47,48,4,0,28,0,5,5,126
2024-06-21 20:30:27,26,76,47,48,4,0,27,0,2,2,83
2024-06-21 20:35:27,26,76,47,49,10,0,25,0,1,1,40
2024-06-21 20:40:27,26,77,47,48,4,0,26,0,1,1,62
2024-06-21 20:45:26,26,77,47,48,19,0,25,0,1,1,40
2024-06-21 20:50:26,26,77,47,51,11,0,27,0,2,2,106
2024-06-21 20:55:26,26,78,47,49,17,0,28,0,2,2,61
2024-06-21 21:00:26,25,78,47,138,16,0,28,0,1,2,85
2024-06-21 21:05:26,25,78,47,179,3,0,25,0,1,1,35
2024-06-21 21:10:26,25,79,47,48,3,0,27,0,2,2,76
2024-06-21 21:15:26,25,79,47,51,4,0,26,0,2,2,61
2024-06-21 21:20:26,25,79,47,49,15,0,28,0,2,2,59
2024-06-21 21:25:26,25,79,47,50,17,0,27,0,1,1,45
2024-06-21 21:30:25,25,79,47,51,5,0,28,0,1,2,59
2024-06-21 21:35:25,25,80,47,49,4,0,30,0,1,1,139
2024-06-21 21:40:25,25,79,47,50,2,0,27,0,1,1,56
2024-06-21 21:45:25,25,80,47,50,19,0,28,0,1,2,53
2024-06-21 21:50:25,25,80,47,56,15,0,25,0,1,1,40
2024-06-21 21:55:25,25,80,47,123,4,0,28,0,2,2,81
2024-06-21 22:00:25,25,79,48,160,3,0,25,0,1,2,47
2024-06-21 22:05:25,25,80,47,48,3,0,27,0,1,1,60
2024-06-21 22:10:25,25,79,47,48,16,0,29,0,1,1,87
2024-06-21 22:15:25,25,79,47,66,14,0,27,0,1,1,59
2024-06-21 22:20:25,25,79,47,48,11,0,27,0,1,1,53
2024-06-21 22:25:24,25,81,47,49,14,0,27,0,2,2,97
2024-06-21 22:30:24,25,79,47,50,4,0,30,0,1,2,63
2024-06-21 22:35:24,25,79,47,81,13,0,29,0,1,1,65
2024-06-21 22:40:24,25,79,47,48,15,0,30,1,1,1,66
2024-06-21 22:40:29,25,79,47,48,15,0,30,1,1,1,66
2024-06-21 22:40:34,25,79,47,48,15,0,30,1,1,1,66
2024-06-21 22:45:23,25,79,47,49,18,0,29,0,1,1,53
2024-06-21 22:50:23,25,78,47,48,19,0,27,0,1,1,42
2024-06-21 22:55:23,25,79,47,48,19,0,26,0,1,1,47
2024-06-21 23:00:23,25,79,47,48,8,0,25,0,1,1,37
2024-06-21 23:05:23,25,80,47,52,5,0,28,0,1,1,87
2024-06-21 23:10:25,25,81,47,48,15,0,31,1,1,1,112
2024-06-21 23:15:25,25,80,47,51,19,0,29,0,1,1,83
2024-06-21 23:20:29,25,80,47,51,18,0,29,0,1,1,83
2024-06-21 23:20:29,25,80,47,51,18,0,29,0,1,1,83
2024-06-21 23:25:22,25,80,47,53,19,0,28,0,2,2,63
2024-06-21 23:30:22,25,80,47,54,4,0,29,0,3,3,84
2024-06-21 23:35:21,25,80,47,48,13,0,29,0,2,2,68
2024-06-21 23:40:21,25,80,47,49,17,0,29,0,3,3,126
2024-06-21 23:45:21,25,80,47,52,15,0,29,0,3,3,80
2024-06-21 23:50:21,25,81,47,48,18,0,30,1,2,3,109
2024-06-21 23:55:21,25,81,47,50,19,0,37,1,2,3,71
2024-06-22 0:00:21,25,80,47,48,14,0,32,1,2,2,45
2024-06-22 0:05:21,25,80,47,48,4,0,30,1,2,2,66
2024-06-22 0:10:20,25,81,47,52,16,0,30,1,2,2,124
2024-06-22 0:15:20,25,80,47,48,13,0,31,1,3,3,97
2024-06-22 0:20:20,25,80,47,48,4,0,31,1,3,3,93
2024-06-22 0:25:20,25,81,47,49,18,0,31,1,3,4,140
2024-06-22 0:30:20,25,80,47,48,19,0,30,1,2,2,79
2024-06-22 0:35:20,25,80,47,48,16,0,30,1,2,2,101
2024-06-22 0:40:20,25,80,47,49,16,0,29,1,3,3,66
2024-06-22 0:45:20,25,81,47,48,15,0,29,1,3,3,105
2024-06-22 0:50:20,25,80,47,48,18,0,32,1,2,2,99
2024-06-22 0:55:20,25,80,47,48,3,0,31,1,2,2,66
2024-06-22 1:00:20,25,80,47,48,14,0,30,1,2,2,66
2024-06-22 1:05:20,25,80,47,48,19,0,30,1,3,3,64
2024-06-22 1:10:19,25,80,47,48,4,0,29,1,4,4,60
2024-06-22 1:15:19,24,80,47,48,19,0,31,1,3,3,82
2024-06-22 1:20:19,24,80,47,48,19,0,32,1,3,3,80
2024-06-22 1:25:19,24,80,47,49,18,0,33,1,2,3,63
2024-06-22 1:30:19,24,79,47,48,4,0,29,1,3,3,42
2024-06-22 1:35:19,24,80,47,48,3,0,33,1,4,4,67
2024-06-22 1:40:19,24,79,47,48,3,0,29,1,3,3,39
2024-06-22 1:45:19,24,80,47,66,17,0,29,1,4,4,55
2024-06-22 1:50:19,24,81,47,48,14,0,32,1,3,3,88
2024-06-22 1:55:18,24,81,47,48,19,0,29,1,3,4,52
2024-06-22 2:00:18,24,82,47,49,19,0,31,1,4,4,112
2024-06-22 2:05:18,24,81,47,65,15,0,32,1,3,3,95
2024-06-22 2:10:18,24,81,47,48,3,0,31,1,3,3,64
2024-06-22 2:15:18,25,80,47,48,3,0,31,1,4,4,58
2024-06-22 2:20:19,25,80,47,48,8,0,30,1,4,4,60
2024-06-22 2:25:18,24,80,47,48,4,0,30,1,4,4,61
2024-06-22 8:47:49,25,87,47,123,703,0,30,1,10,10,87
2024-06-22 8:52:49,25,87,47,51,703,0,30,1,10,10,121
2024-06-22 8:57:49,26,82,47,50,703,0,28,1,8,8,95
2024-06-22 9:02:49,27,80,49,330,702,0,26,1,8,8,100
2024-06-22 9:07:48,27,78,47,51,703,0,24,1,8,8,109
2024-06-22 9:12:48,27,76,47,50,702,0,23,0,6,6,96
2024-06-22 9:17:48,27,78,47,72,703,0,25,1,7,7,117
2024-06-22 9:22:48,28,76,47,49,702,0,24,1,9,9,104
2024-06-22 9:27:48,28,75,47,63,702,0,24,0,7,7,99
2024-06-22 9:32:48,28,76,49,254,703,0,23,0,8,8,140
2024-06-22 9:37:48,28,75,47,171,703,0,24,0,7,7,135
2024-06-22 9:42:47,28,73,47,52,703,0,24,0,6,6,105
2024-06-22 9:47:47,29,70,47,63,703,0,22,0,7,7,54
2024-06-22 9:52:47,29,72,47,55,703,0,23,0,5,5,123
2024-06-22 9:57:47,29,69,47,95,702,0,23,0,6,6,65
2024-06-22 10:02:47,29,72,47,50,703,0,28,1,8,8,225
2024-06-22 10:07:47,29,68,47,52,702,0,25,0,5,5,66
2024-06-22 10:12:46,29,69,47,110,703,0,25,0,7,7,103
2024-06-22 10:17:46,29,67,50,238,702,0,25,0,6,6,68
2024-06-22 10:22:46,30,68,48,209,702,0,22,0,6,6,65
2024-06-22 10:27:46,30,71,47,100,703,0,27,0,7,7,178
2024-06-22 10:32:46,30,66,49,222,702,0,23,0,6,6,61
2024-06-22 10:37:45,30,70,50,95,702,0,24,0,5,5,143
2024-06-22 10:42:45,30,70,51,96,702,0,26,0,7,7,195
2024-06-22 10:47:45,30,69,48,191,702,0,27,0,6,6,161
2024-06-22 10:52:45,30,65,47,93,702,0,25,0,5,5,125
2024-06-22 10:57:44,30,65,47,82,703,0,23,0,5,5,84
2024-06-22 11:02:44,30,64,48,181,702,0,23,0,5,5,83
2024-06-22 11:07:44,30,67,47,59,702,0,27,0,5,5,178
2024-06-22 11:12:44,30,66,47,51,702,0,27,0,6,6,171
2024-06-22 11:17:44,30,66,47,91,704,0,25,0,5,5,123
2024-06-22 11:22:43,30,66,48,121,703,0,29,0,5,5,135
2024-06-22 11:27:43,30,65,47,88,703,0,27,0,6,6,108
2024-06-22 11:32:43,30,66,47,114,702,0,29,0,6,6,137
2024-06-22 11:37:43,31,66,47,58,702,0,22,0,5,5,80
2024-06-22 11:42:43,31,65,51,160,702,0,25,0,6,7,127
2024-06-22 11:47:42,31,67,51,209,702,0,28,0,6,7,231
2024-06-22 11:52:42,31,70,49,125,702,0,30,1,7,7,283
2024-06-22 11:57:42,31,68,47,55,702,0,33,1,7,7,318
2024-06-22 12:02:42,31,67,48,238,702,0,28,0,5,5,116
2024-06-22 12:07:41,31,68,51,236,702,0,31,1,7,7,199
2024-06-22 12:12:42,31,70,47,72,703,0,30,1,6,7,179
2024-06-22 12:17:41,31,68,47,53,702,0,32,1,5,5,194
2024-06-22 12:22:41,31,62,47,50,703,0,26,0,5,5,75
2024-06-22 12:27:41,31,64,47,66,701,0,30,0,6,6,145
2024-06-22 12:32:40,31,66,47,48,702,0,31,1,6,6,192
2024-06-22 12:37:40,32,66,47,48,703,0,31,1,10,10,246
2024-06-22 12:42:40,32,60,47,52,701,0,25,0,4,4,125
2024-06-22 12:47:40,32,61,47,51,702,0,27,0,4,4,184
2024-06-22 12:52:39,32,62,47,52,702,0,28,0,5,5,180
2024-06-22 12:57:39,32,60,47,50,702,0,26,0,4,4,125
2024-06-22 13:02:39,32,58,47,52,702,0,24,0,4,4,72
2024-06-22 13:07:39,32,65,47,49,702,0,32,1,6,6,273
2024-06-22 13:12:38,32,66,47,48,702,0,30,1,5,5,202
2024-06-22 13:17:38,32,66,47,48,702,0,32,1,6,6,288
2024-06-22 13:22:38,32,62,47,48,702,0,28,0,5,5,149
2024-06-22 13:27:37,32,62,47,49,703,0,26,0,5,5,166
2024-06-22 13:32:37,32,66,47,48,702,0,29,0,5,5,175
2024-06-22 13:37:37,32,66,49,258,702,0,31,1,5,5,237
2024-06-22 13:42:37,32,62,47,48,702,0,27,0,4,4,155
2024-06-22 13:47:36,32,62,47,81,701,0,31,0,5,5,206
2024-06-22 13:52:36,32,62,47,48,702,0,28,0,4,4,183
2024-06-22 13:57:36,32,61,47,53,702,0,29,0,6,6,213
2024-06-22 14:02:36,32,62,47,59,702,0,28,0,5,5,215
2024-06-22 14:07:35,33,60,47,48,702,0,30,0,8,8,201
2024-06-22 14:12:35,33,60,47,99,702,0,30,0,6,6,229
2024-06-22 14:17:35,33,60,47,52,702,0,31,0,4,4,248
2024-06-22 14:22:34,33,59,47,63,701,0,33,1,6,6,301
2024-06-22 14:27:34,34,57,47,66,700,0,31,0,6,6,266
2024-06-22 14:32:34,34,55,47,48,703,0,28,0,4,4,169
2024-06-22 14:37:34,34,58,47,109,702,0,27,0,5,5,188
2024-06-22 14:42:33,34,57,47,50,702,0,29,0,4,4,254
2024-06-22 14:47:33,34,61,47,49,702,0,31,1,6,6,327
2024-06-22 14:52:33,34,59,47,57,702,0,31,1,7,7,292
2024-06-22 14:57:33,34,58,47,54,702,0,33,1,6,6,319
2024-06-22 15:02:32,34,57,47,55,702,0,28,0,6,6,199
2024-06-22 15:07:32,34,55,47,50,701,0,28,0,4,4,172
2024-06-22 15:12:32,34,57,47,52,702,0,30,0,4,4,183
2024-06-22 15:17:32,34,58,47,48,702,0,30,0,4,4,188
2024-06-22 15:22:31,34,56,47,48,702,0,29,0,4,4,239
2024-06-22 15:27:31,34,56,47,51,703,0,27,0,4,4,145
2024-06-22 15:32:31,34,58,47,51,701,0,30,0,5,5,226
2024-06-22 15:37:31,34,59,47,48,701,0,31,1,7,7,269
2024-06-22 15:42:30,34,60,47,48,702,0,31,1,6,6,238
2024-06-22 15:47:30,34,54,47,54,703,0,27,0,4,4,165
2024-06-22 15:52:30,34,56,47,64,701,0,29,0,4,4,185
2024-06-22 15:57:30,34,56,47,57,702,0,28,0,4,4,156
2024-06-22 16:02:29,34,57,47,48,702,0,33,1,5,5,324
2024-06-22 16:07:29,34,56,47,48,702,0,30,0,5,5,191
2024-06-22 16:12:29,34,55,47,59,704,0,30,0,4,4,154
2024-06-22 16:17:28,34,55,47,97,702,0,26,0,5,5,187
2024-06-22 16:22:28,34,57,47,51,702,0,31,0,4,4,216
2024-06-22 16:27:28,34,55,47,61,701,0,24,0,4,4,143
2024-06-22 16:32:27,34,56,47,57,703,0,26,0,5,5,316
2024-06-22 16:37:27,34,57,47,48,702,0,29,0,4,4,198
2024-06-22 16:42:27,34,56,47,55,702,0,29,0,7,7,237
2024-06-22 16:47:27,34,56,47,72,702,0,29,0,7,7,220
2024-06-22 16:52:26,34,56,50,243,702,0,30,0,7,7,210
2024-06-22 16:57:26,34,59,51,237,702,0,29,0,6,6,229
2024-06-22 17:02:26,34,59,47,49,702,0,33,1,6,6,312
2024-06-22 17:07:26,34,58,49,212,702,0,31,1,5,5,172
2024-06-22 17:12:25,34,59,48,228,702,0,32,1,5,5,267
2024-06-22 17:17:25,34,56,47,48,707,0,28,0,4,4,167
2024-06-22 17:22:25,33,56,47,50,702,0,28,0,5,5,186
2024-06-22 17:27:25,33,56,47,48,702,0,30,0,4,4,195
2024-06-22 17:32:25,33,58,47,48,710,0,29,0,5,5,205
2024-06-22 17:37:24,33,60,47,48,701,0,35,1,4,4,260
2024-06-22 17:42:24,34,59,47,48,701,0,29,1,6,6,166
2024-06-22 17:47:24,34,60,47,82,702,0,31,1,5,5,213
2024-06-22 17:52:24,34,57,47,48,702,0,31,1,3,3,156
2024-06-22 17:57:24,33,57,47,51,701,0,29,0,3,3,206
2024-06-22 18:02:23,33,61,47,48,701,0,35,1,5,5,232
2024-06-22 18:07:23,33,62,47,48,703,0,34,1,4,4,273
2024-06-22 18:12:23,33,62,47,79,702,0,34,1,5,5,202
2024-06-22 18:17:23,32,62,47,68,702,0,30,1,5,5,157
2024-06-22 18:22:22,32,64,47,48,703,0,34,1,4,4,212
2024-06-22 18:27:22,32,64,47,48,702,0,35,1,4,4,179
2024-06-22 18:32:22,32,65,47,48,702,0,32,1,5,5,248
2024-06-22 18:37:22,31,67,47,48,702,0,34,1,6,6,218
2024-06-22 18:42:21,31,68,47,53,702,0,36,1,6,6,190
2024-06-22 18:47:21,31,69,47,97,610,0,38,1,5,5,418
2024-06-22 18:52:21,31,68,48,161,454,0,34,1,5,5,374
2024-06-22 18:57:21,31,70,47,56,276,0,37,1,5,5,349
2024-06-22 19:02:21,30,71,48,130,172,0,40,1,6,6,369
2024-06-22 19:07:20,30,71,47,63,116,0,37,1,5,5,361
2024-06-22 19:12:20,30,72,47,54,77,0,36,1,6,6,317
2024-06-22 19:15:57,30,72,47,48,55,0,32,1,5,5,319
2024-06-22 19:20:57,30,72,47,49,24,0,31,1,5,5,227
2024-06-22 19:25:57,30,73,47,48,20,0,33,1,6,6,161
2024-06-22 19:30:57,29,74,47,48,4,0,32,1,5,5,114
2024-06-22 19:35:57,29,74,47,58,3,0,35,1,6,6,175
2024-06-22 19:40:56,29,74,48,230,3,0,34,1,7,7,143
2024-06-22 19:45:56,29,75,47,48,16,0,35,1,7,7,158
2024-06-22 19:50:56,29,75,47,48,18,0,32,1,6,6,130
2024-06-22 19:55:56,29,75,47,75,4,0,32,1,8,8,110
2024-06-22 20:00:56,29,75,49,233,4,0,32,1,6,6,116
2024-06-22 20:05:56,29,75,47,49,18,0,31,1,6,6,109
2024-06-22 20:10:55,28,76,47,66,18,0,35,1,6,6,173
2024-06-22 20:15:55,28,75,47,50,15,0,32,1,6,6,82
2024-06-22 20:20:56,28,76,47,49,18,0,35,1,6,6,206
2024-06-22 20:25:55,28,76,47,48,18,0,33,1,9,9,114
2024-06-22 20:30:54,28,76,47,48,18,0,30,1,6,6,63
2024-06-22 20:35:54,28,76,47,58,12,0,30,1,5,5,55
2024-06-22 20:40:54,28,76,47,53,4,0,33,1,6,6,64
2024-06-22 20:45:54,28,77,47,48,19,0,32,1,6,6,62
2024-06-22 20:50:54,28,77,47,49,4,0,31,1,6,6,68
2024-06-22 20:55:53,28,77,47,48,3,0,32,1,6,6,79
2024-06-22 21:00:53,28,76,47,69,14,0,28,1,6,6,42
2024-06-22 21:05:53,28,77,47,50,18,0,33,1,6,6,70
2024-06-22 21:10:53,27,77,49,251,4,0,33,1,6,6,75
2024-06-22 21:15:53,27,77,47,50,17,0,32,1,7,7,71
2024-06-22 21:20:53,27,77,47,48,4,0,33,1,9,9,105
2024-06-22 21:25:52,27,77,47,50,11,0,31,1,7,7,56
2024-06-22 21:30:52,27,77,47,49,18,0,33,1,10,10,96
2024-06-22 21:35:52,27,78,47,61,4,0,34,1,7,7,84
2024-06-22 21:40:52,27,77,47,49,15,0,29,1,6,6,38
2024-06-22 21:45:52,27,77,47,49,18,0,31,1,7,7,65
2024-06-22 21:50:52,27,79,47,48,4,0,34,1,7,7,101
2024-06-22 21:55:51,27,78,47,48,18,0,33,1,7,7,69
2024-06-22 22:00:51,27,77,47,49,18,0,33,1,8,8,75
2024-06-22 22:05:51,27,78,47,48,18,0,30,1,7,7,48
2024-06-22 22:10:51,27,77,47,64,11,0,31,1,8,8,68
2024-06-22 22:15:51,27,79,47,48,14,0,32,1,9,9,136
2024-06-22 22:20:51,27,79,47,48,18,0,32,1,9,9,85
2024-06-22 22:25:50,26,78,47,54,3,0,32,1,9,9,76
2024-06-22 22:30:50,26,78,47,51,4,0,30,1,8,8,45
2024-06-22 22:35:50,26,78,47,48,11,0,32,1,7,7,54
2024-06-22 22:40:50,26,78,47,48,17,0,31,1,7,7,37
2024-06-22 22:45:50,26,78,47,55,13,0,30,1,7,7,38
2024-06-22 22:50:50,26,79,47,48,20,0,32,1,7,7,72
2024-06-22 22:55:49,26,80,47,48,4,0,33,1,7,7,121
2024-06-22 23:00:50,26,78,47,48,16,0,32,1,7,7,80
2024-06-22 23:05:49,26,78,47,48,18,0,31,1,6,6,41
2024-06-22 23:10:51,26,78,47,71,3,0,28,1,6,6,32
2024-06-22 23:15:49,26,78,47,48,19,0,28,1,6,6,35
2024-06-22 23:20:49,26,78,47,52,15,0,30,1,6,6,40
2024-06-22 23:25:51,26,78,47,48,19,0,29,1,7,7,34
2024-06-22 23:30:48,26,80,47,48,14,0,33,1,8,8,76
2024-06-22 23:35:49,26,79,47,48,3,0,30,1,7,7,41
2024-06-22 23:40:48,26,79,47,48,11,0,30,1,7,7,62
2024-06-22 23:45:48,26,79,47,48,18,0,33,1,8,8,61
2024-06-22 23:50:48,26,79,47,48,17,0,33,1,7,7,68
2024-06-22 23:55:47,26,79,47,48,15,0,31,1,6,6,44
2024-06-23 0:00:47,26,79,47,48,16,0,30,1,7,7,54
2024-06-23 0:05:47,26,79,47,56,15,0,31,1,6,6,48
2024-06-23 0:10:47,26,79,47,48,15,0,30,1,6,6,56
2024-06-23 0:15:47,26,79,47,48,13,0,30,1,6,6,45
2024-06-23 0:20:47,26,79,47,55,16,0,29,1,7,7,37
2024-06-23 0:25:47,26,79,47,48,18,0,30,1,6,6,60
2024-06-23 0:30:46,25,79,47,48,14,0,30,1,6,6,49
2024-06-23 0:35:46,25,79,47,48,3,0,31,1,7,7,54
2024-06-23 0:40:46,25,79,47,49,3,0,30,1,6,6,43
2024-06-23 0:45:46,25,80,47,50,18,0,32,1,6,6,50
2024-06-23 0:50:46,25,79,47,77,4,0,31,1,6,6,39
2024-06-23 0:55:46,25,79,47,49,15,0,29,1,5,5,33
2024-06-23 1:00:46,25,79,47,51,19,0,30,1,5,5,46
2024-06-23 1:05:46,25,78,47,48,19,0,28,1,5,5,37
2024-06-23 8:46:56,26,88,46,50,703,0,29,2,62,62,86
2024-06-23 8:51:57,26,87,47,57,702,0,24,1,11,11,92
2024-06-23 8:56:56,27,85,47,48,703,0,24,1,10,10,94
2024-06-23 9:01:56,27,82,47,50,703,0,24,1,11,11,102
2024-06-23 9:11:56,28,78,47,55,703,0,23,1,10,10,67
2024-06-23 9:16:56,28,79,51,251,701,0,24,1,10,10,74
2024-06-23 9:31:59,29,75,47,56,702,0,23,0,8,8,82
2024-06-23 9:36:57,29,74,51,245,702,0,23,0,8,8,280
2024-06-23 9:46:55,30,73,47,50,703,0,23,0,9,9,100
2024-06-23 10:11:54,30,70,47,116,703,0,24,0,7,7,108
2024-06-23 10:16:56,30,70,47,49,701,0,25,0,8,8,121
2024-06-23 10:42:41,31,67,51,219,702,0,25,0,7,7,99
2024-06-23 11:16:51,32,65,50,357,702,0,28,0,8,8,163
2024-06-23 11:21:51,32,63,47,50,703,0,25,0,7,7,132
2024-06-23 11:26:51,32,64,48,227,703,0,27,0,7,7,125
2024-06-23 11:31:51,32,65,47,74,701,0,28,1,9,9,196
2024-06-23 11:36:50,32,64,47,48,702,0,27,0,8,8,151
2024-06-23 11:41:50,32,66,47,48,702,0,30,1,8,8,218
2024-06-23 11:46:50,32,63,47,89,702,0,31,1,8,8,210
2024-06-23 11:51:50,32,65,47,83,701,0,27,1,9,9,152
2024-06-23 11:56:50,32,63,47,48,702,0,26,0,9,9,118
2024-06-23 12:01:49,32,64,47,61,702,0,28,1,6,6,156
2024-06-23 12:06:49,32,64,47,48,702,0,28,0,11,11,143
2024-06-23 12:10:12,32,61,47,48,702,0,24,0,6,6,75
2024-06-23 12:15:11,33,63,47,49,702,0,29,1,6,6,194
2024-06-23 12:20:11,33,64,47,50,702,0,29,1,7,7,231
2024-06-23 12:25:10,33,63,47,121,702,0,25,0,6,6,150
2024-06-23 12:30:10,33,59,47,48,702,0,25,0,7,7,126
2024-06-23 12:35:10,33,62,47,48,702,0,29,1,7,7,281
2024-06-23 12:40:10,33,60,47,48,702,0,27,1,5,5,203
2024-06-23 12:45:09,33,58,48,151,701,0,28,0,5,5,161
2024-06-23 12:50:09,33,60,48,123,702,0,28,0,6,6,126
2024-06-23 13:00:09,33,62,48,68,705,0,30,1,6,6,208
2024-06-23 13:05:09,33,64,48,229,702,0,32,1,5,5,220
2024-06-23 13:10:08,33,61,47,48,702,0,31,1,5,5,230
2024-06-23 13:15:08,33,61,47,56,701,0,27,0,5,5,131
2024-06-23 13:20:08,33,62,47,136,701,0,31,1,5,5,245
2024-06-23 13:25:08,33,60,47,51,702,0,28,0,5,5,165
2024-06-23 13:30:07,33,61,47,103,702,0,30,1,6,6,188
2024-06-23 13:35:07,34,60,47,48,701,0,30,1,5,5,175
2024-06-23 13:40:06,34,59,47,50,702,0,34,1,4,4,210
2024-06-23 13:45:06,34,59,47,48,702,0,34,1,6,6,265
2024-06-23 13:50:06,34,60,47,66,702,0,31,1,5,5,225
2024-06-23 13:55:05,34,57,47,49,701,0,29,1,5,5,145
2024-06-23 14:00:05,34,62,47,48,701,0,35,1,6,6,321
2024-06-23 14:05:05,34,58,47,57,702,0,32,1,5,5,190
2024-06-23 14:10:05,34,58,47,53,701,0,28,1,5,5,184
2024-06-23 14:15:04,34,62,47,55,702,0,33,1,5,5,181
2024-06-23 14:20:04,34,59,47,52,702,0,30,1,5,5,146
2024-06-23 14:25:04,34,61,47,60,701,0,31,1,6,6,214
2024-06-23 14:30:03,34,58,47,49,702,0,29,0,6,6,199
2024-06-23 14:35:03,34,60,47,62,702,0,31,1,7,7,247
2024-06-23 14:40:03,34,58,47,48,702,0,28,0,6,6,179
2024-06-23 14:45:03,34,59,47,71,702,0,31,1,6,6,196
2024-06-23 14:50:02,34,61,47,53,702,0,32,1,6,6,221
2024-06-23 14:55:02,34,59,47,70,702,0,31,1,5,5,157
2024-06-23 15:00:02,34,58,47,48,702,0,30,0,5,5,139
2024-06-23 15:05:02,34,58,47,52,701,0,32,1,5,5,181
2024-06-23 15:10:01,34,58,47,57,699,0,32,1,5,5,175
2024-06-23 15:15:01,34,57,47,84,701,0,29,1,6,6,225
2024-06-23 15:20:01,34,56,47,51,702,0,29,1,7,7,165
2024-06-23 15:25:01,34,59,47,52,702,0,33,1,6,6,228
2024-06-23 15:30:00,34,59,47,56,701,0,33,1,6,6,207
2024-06-23 15:35:00,34,57,47,56,702,0,29,0,5,5,155
2024-06-23 15:40:00,34,57,47,70,702,0,30,1,6,6,143
2024-06-23 15:45:00,34,56,47,52,701,0,30,1,5,5,157
2024-06-23 15:49:59,34,58,48,201,702,0,32,1,5,5,231
2024-06-23 15:54:59,34,56,47,64,703,0,32,1,6,6,295
2024-06-23 15:59:59,34,59,47,66,702,0,35,1,6,6,268
2024-06-23 16:04:59,34,56,47,52,701,0,30,1,6,6,175
2024-06-23 16:09:58,34,59,48,219,701,0,33,1,6,6,229
2024-06-23 16:14:58,34,56,47,60,702,0,29,0,6,6,146
2024-06-23 16:19:58,34,56,47,143,702,0,30,0,6,6,188
2024-06-23 16:24:58,34,56,47,48,702,0,30,1,5,5,170
2024-06-23 16:29:57,35,56,47,49,700,0,27,0,6,6,120
2024-06-23 16:34:57,35,56,47,48,701,0,30,0,7,7,166
2024-06-23 16:40:00,35,56,47,63,701,0,28,0,6,6,225
2024-06-23 16:44:56,35,57,47,48,702,0,32,1,7,7,213
2024-06-23 16:49:57,35,57,47,48,701,0,34,1,7,7,341
2024-06-23 16:54:55,35,57,47,48,702,0,32,1,7,7,210
2024-06-23 16:59:55,35,58,47,48,701,0,32,1,6,6,183
2024-06-23 17:04:55,34,56,47,48,701,0,28,0,5,5,161
2024-06-23 17:09:55,34,57,49,226,703,0,31,1,5,5,224
2024-06-23 17:14:54,34,56,47,48,701,0,27,0,6,6,121
2024-06-23 17:19:54,34,55,50,242,702,0,29,0,5,5,104
2024-06-23 17:24:54,34,56,47,48,702,0,32,1,5,5,173
2024-06-23 17:29:53,34,55,49,229,708,0,30,1,5,5,110
2024-06-23 17:34:53,34,57,47,48,702,0,32,1,6,6,221
2024-06-23 17:39:53,34,60,47,49,701,0,34,1,7,7,328
2024-06-23 17:44:52,34,59,49,236,701,0,35,1,6,6,227
2024-06-23 17:49:52,35,55,47,48,701,0,27,1,5,5,115
2024-06-23 17:54:52,35,57,47,48,702,0,32,1,6,6,153
2024-06-23 17:59:52,34,56,48,195,701,0,29,1,5,5,108
2024-06-23 18:04:51,34,59,47,48,702,0,31,1,6,6,158
2024-06-23 18:09:51,34,60,47,59,702,0,36,1,8,8,310
2024-06-23 18:14:51,34,62,48,136,702,0,36,1,7,7,229
2024-06-23 18:19:51,33,63,47,50,701,0,37,1,6,6,225
2024-06-23 18:24:50,33,64,47,60,702,0,35,1,6,6,222
2024-06-23 18:29:50,33,64,47,56,702,0,34,1,8,8,242